<?xml version="1.0" encoding="UTF-8"?>
<jcr:root xmlns:sling="http://sling.apache.org/jcr/sling/1.0" xmlns:cq="http://www.day.com/jcr/cq/1.0" xmlns:jcr="http://www.jcp.org/jcr/1.0" xmlns:nt="http://www.jcp.org/jcr/nt/1.0"
    jcr:primaryType="cq:Page">
    <jcr:content
        cq:lastModified="{Date}2014-07-15T01:20:01.016+02:00"
        cq:lastModifiedBy="admin"
        jcr:primaryType="nt:unstructured"
        jcr:title="Default Design"
        sling:resourceType="wcm/core/components/designer">
        <offerpage/>
        <teaserpage/>
        <promotion/>
        <pack/>
        <collectionpage/>
        <formpage/>
        <segmentpage/>
        <newsletterpage/>
        <page_geometrixx_newsletter/>
        <model/>
        <page/>
        <clientcontextdesigner/>
        <assetshare/>
        <asseteditor/>
        <contentPage jcr:primaryType="nt:unstructured">
            <nav
                jcr:lastModified="{Date}2014-06-30T23:03:49.093+02:00"
                jcr:lastModifiedBy="admin"
                jcr:primaryType="nt:unstructured"
                sling:resourceType="aemTraining/components/navigable"
                multiPathCommunities="[/content/myContent/nav_page/Communities/All-updates,/content/myContent/nav_page/Communities/List-of-communities]"
                multiPathEvents="[/content/myContent/nav_page/Events/All,/content/myContent/nav_page/Events/Days off,/content/myContent/nav_page/Events/Internal conferences,/content/myContent/nav_page/Events/Sports]"
                multiPathMedia="[/content/myContent/nav_page/Media/All,/content/myContent/nav_page/Media/Career,/content/myContent/nav_page/Media/Fun,/content/myContent/nav_page/Media/It-events,/content/myContent/nav_page/Media/Official]"
                multiPathNews="[/content/myContent/nav_page/News/All,/content/myContent/nav_page/News/Official,/content/myContent/nav_page/News/Competency centers,/content/myContent/nav_page/News/Production,/content/myContent/nav_page/News/Career]"
                rootPathCommunities="/content/myContent/nav_page/Communities"
                rootPathEvents="/content/myContent/nav_page/Events"
                rootPathMedia="/content/myContent/nav_page/Media"
                rootPathNews="/content/myContent/nav_page/News"
                rootPathToolkit="/content/myContent/nav_page/Toolkit"/>
        </contentPage>
    </jcr:content>
    <_x0030_.gif/>
    <favicon.ico/>
    <images/>
</jcr:root>
